{
    "translation": [
        -0.0014441901500633833,
        -0.08230157307946329,
        0.6063999863550067
    ],
    "rotation": [
        [
            0.9544937972284491,
            0.29735988430476856,
            0.02277477276043719
        ],
        [
            -0.269549618443842,
            0.8275032957377861,
            0.49252542943942956
        ],
        [
            0.12761110550886723,
            -0.4762513986849349,
            0.8700000063685148
        ]
    ],
    "width": 0.06418487429618835
}