{
    "translation": [
        -0.057774849007458995,
        0.012053305997495458,
        0.7652038713440299
    ],
    "rotation": [
        [
            -0.13334698663092456,
            0.8490161427784821,
            -0.5112633079459341
        ],
        [
            -0.9910694128851179,
            -0.11423392021648926,
            0.06878975738946838
        ],
        [
            0.0,
            0.5158703332946382,
            0.8566666791853639
        ]
    ],
    "width": 0.10000000149011612
}