{
    "translation": [
        0.10905320976284781,
        -0.19826176311497784,
        0.764788028974086
    ],
    "rotation": [
        [
            0.996171040432003,
            0.08596863422548963,
            -0.015895034874039236
        ],
        [
            -0.08742572964877417,
            0.9795681905655687,
            -0.18111571391752523
        ],
        [
            0.0,
            0.18181186419346174,
            0.9833333341438691
        ]
    ],
    "width": 0.044883858412504196
}