{
    "translation": [
        0.16861072505420782,
        -0.2176346413777288,
        0.7471049537636341
    ],
    "rotation": [
        [
            -0.3306685628308517,
            0.7876267821611813,
            0.5199060987635977
        ],
        [
            -0.4226930663606031,
            -0.6161526207218647,
            0.6645950017000076
        ],
        [
            0.8437943311056612,
            -2.9029254694501454e-08,
            0.5366666862995906
        ]
    ],
    "width": 0.06786118447780609
}