{
    "translation": [
        0.04009921151126559,
        -0.06985117606484537,
        0.6514000030443072
    ],
    "rotation": [
        [
            -0.9752958496842596,
            0.21972554495999805,
            0.022774772760437254
        ],
        [
            -0.18031470625308849,
            -0.8514137109767079,
            0.49252542943942956
        ],
        [
            0.12761117622497023,
            0.4762513807359543,
            0.8700000063685148
        ]
    ],
    "width": 0.08890371024608612
}