{
    "translation": [
        0.03000027463119273,
        -0.108963849894995,
        0.5879000156618654
    ],
    "rotation": [
        [
            0.812817590731983,
            -0.5367280637277773,
            -0.22638583815008662
        ],
        [
            0.5170480339098642,
            0.8437552877505604,
            -0.14400813927587722
        ],
        [
            0.268307463233132,
            -3.708524640155808e-09,
            0.9633333317743046
        ]
    ],
    "width": 0.08797003328800201
}